Feature,RawStd,ZStd
Year,10.063520111335489,1.0
Rain,661.9261270384008,1.0
Pesticides,293765.55320879916,1.0
Temp,4.400387598487101,1.0
